uid,title,types,sourceTypes,sourceTitle,publishYear,publishMonth,volume,issue,pagesrange,pagesbegin,pagesend,pagescount,articleNumber,authors,record,citingArticles,references,related,db,count,doi,issn,eissn,pmid,authorKeywords,authorsList
WOS:000451625800023,Antecedent soil water content and vapor pressure deficit interactively control water potential in <i>Larrea tridentata</i>,Article,Article,New Phytologist,2019,Jan,221,1,218-232,218,232,15,NA,,https://www.webofscience.com/api/gateway?GWVersion=2&SrcApp=test-123121&SrcAuth=WosAPI&KeyUT=WOS:000451625800023&DestLinkType=FullRecord&DestApp=WOS_CPL,https://www.webofscience.com/api/gateway?GWVersion=2&SrcApp=test-123121&SrcAuth=WosAPI&KeyUT=WOS:000451625800023&DestLinkType=CitingArticles&DestApp=WOS_CPL,https://www.webofscience.com/api/gateway?GWVersion=2&SrcApp=test-123121&SrcAuth=WosAPI&KeyUT=WOS:000451625800023&DestLinkType=CitedReferences&DestApp=WOS,https://www.webofscience.com/api/gateway?GWVersion=2&SrcApp=test-123121&SrcAuth=WosAPI&KeyUT=WOS:000451625800023&DestLinkType=RelatedRecords&DestApp=WOS_CPL,WOS,30,10.1111/nph.15374,0028-646X,1469-8137,30129140,,"Guo, JS; Ogle, K"
WOS:000431968900009,Water source niche overlap increases with site moisture availability in woody perennials,Article,Article,Plant Ecology,2018,Jun,219,6,719-735,719,735,17,NA,,https://www.webofscience.com/api/gateway?GWVersion=2&SrcApp=test-123121&SrcAuth=WosAPI&KeyUT=WOS:000431968900009&DestLinkType=FullRecord&DestApp=WOS_CPL,https://www.webofscience.com/api/gateway?GWVersion=2&SrcApp=test-123121&SrcAuth=WosAPI&KeyUT=WOS:000431968900009&DestLinkType=CitingArticles&DestApp=WOS_CPL,https://www.webofscience.com/api/gateway?GWVersion=2&SrcApp=test-123121&SrcAuth=WosAPI&KeyUT=WOS:000431968900009&DestLinkType=CitedReferences&DestApp=WOS,https://www.webofscience.com/api/gateway?GWVersion=2&SrcApp=test-123121&SrcAuth=WosAPI&KeyUT=WOS:000431968900009&DestLinkType=RelatedRecords&DestApp=WOS_CPL,WOS,32,10.1007/s11258-018-0829-z,1385-0237,1573-5052,NA,,"Guo, JS; Hungate, BA; Kolb, TE; Koch, GW"
WOS:000463036400010,Should we be concerned about multiple comparisons in hierarchical Bayesian models?,Article,Article,Methods In Ecology And Evolution,2019,Apr,10,4,553-564,553,564,12,NA,,https://www.webofscience.com/api/gateway?GWVersion=2&SrcApp=test-123121&SrcAuth=WosAPI&KeyUT=WOS:000463036400010&DestLinkType=FullRecord&DestApp=WOS_CPL,https://www.webofscience.com/api/gateway?GWVersion=2&SrcApp=test-123121&SrcAuth=WosAPI&KeyUT=WOS:000463036400010&DestLinkType=CitingArticles&DestApp=WOS_CPL,https://www.webofscience.com/api/gateway?GWVersion=2&SrcApp=test-123121&SrcAuth=WosAPI&KeyUT=WOS:000463036400010&DestLinkType=CitedReferences&DestApp=WOS,https://www.webofscience.com/api/gateway?GWVersion=2&SrcApp=test-123121&SrcAuth=WosAPI&KeyUT=WOS:000463036400010&DestLinkType=RelatedRecords&DestApp=WOS_CPL,WOS,11,10.1111/2041-210X.13139,2041-210X,2041-2096,NA,,"Ogle, K; Peltier, D; Fell, M; Guo, J; Kropp, H; Barber, J"
WOS:000492817500001,Temporal shifts in iso/anisohydry revealed from daily observations of plant water potential in a dominant desert shrub,Article,Article,New Phytologist,2020,Jan,225,2,713-726,713,726,14,NA,,https://www.webofscience.com/api/gateway?GWVersion=2&SrcApp=test-123121&SrcAuth=WosAPI&KeyUT=WOS:000492817500001&DestLinkType=FullRecord&DestApp=WOS_CPL,https://www.webofscience.com/api/gateway?GWVersion=2&SrcApp=test-123121&SrcAuth=WosAPI&KeyUT=WOS:000492817500001&DestLinkType=CitingArticles&DestApp=WOS_CPL,https://www.webofscience.com/api/gateway?GWVersion=2&SrcApp=test-123121&SrcAuth=WosAPI&KeyUT=WOS:000492817500001&DestLinkType=CitedReferences&DestApp=WOS,https://www.webofscience.com/api/gateway?GWVersion=2&SrcApp=test-123121&SrcAuth=WosAPI&KeyUT=WOS:000492817500001&DestLinkType=RelatedRecords&DestApp=WOS_CPL,WOS,82,10.1111/nph.16196,0028-646X,1469-8137,31519032,,"Guo, JS; Hultine, KR; Koch, GW; Kropp, H; Ogle, K"
WOS:000535850500010,Non-structural carbohydrate dynamics associated with antecedent stem water potential and air temperature in a dominant desert shrub,Article,Article,Plant Cell And Environment,2020,Jun,43,6,1467-1483,1467,1483,17,NA,,https://www.webofscience.com/api/gateway?GWVersion=2&SrcApp=test-123121&SrcAuth=WosAPI&KeyUT=WOS:000535850500010&DestLinkType=FullRecord&DestApp=WOS_CPL,https://www.webofscience.com/api/gateway?GWVersion=2&SrcApp=test-123121&SrcAuth=WosAPI&KeyUT=WOS:000535850500010&DestLinkType=CitingArticles&DestApp=WOS_CPL,https://www.webofscience.com/api/gateway?GWVersion=2&SrcApp=test-123121&SrcAuth=WosAPI&KeyUT=WOS:000535850500010&DestLinkType=CitedReferences&DestApp=WOS,https://www.webofscience.com/api/gateway?GWVersion=2&SrcApp=test-123121&SrcAuth=WosAPI&KeyUT=WOS:000535850500010&DestLinkType=RelatedRecords&DestApp=WOS_CPL,WOS,37,10.1111/pce.13749,0140-7791,1365-3040,32112440,,"Guo, JS; Gear, L; Hultine, KR; Koch, GW; Ogle, K"
WOS:000636286700022,Calibration Strategies for Detecting Macroscale Patterns in NEON Atmospheric Carbon Isotope Observations,Article,Article,Journal Of Geophysical Research-Biogeosciences,2021,Mar,126,3,NA,NA,NA,20,e2020JG005862,,https://www.webofscience.com/api/gateway?GWVersion=2&SrcApp=test-123121&SrcAuth=WosAPI&KeyUT=WOS:000636286700022&DestLinkType=FullRecord&DestApp=WOS_CPL,https://www.webofscience.com/api/gateway?GWVersion=2&SrcApp=test-123121&SrcAuth=WosAPI&KeyUT=WOS:000636286700022&DestLinkType=CitingArticles&DestApp=WOS_CPL,https://www.webofscience.com/api/gateway?GWVersion=2&SrcApp=test-123121&SrcAuth=WosAPI&KeyUT=WOS:000636286700022&DestLinkType=CitedReferences&DestApp=WOS,https://www.webofscience.com/api/gateway?GWVersion=2&SrcApp=test-123121&SrcAuth=WosAPI&KeyUT=WOS:000636286700022&DestLinkType=RelatedRecords&DestApp=WOS_CPL,WOS,10,10.1029/2020JG005862,2169-8953,2169-8961,NA,,"Fiorella, RP; Good, SP; Allen, ST; Guo, JS; Still, CJ; Noone, DC; Anderegg, WRL; Florian, CR; Luo, HY; Pingintha-Durden, N; Bowen, GJ"
WOS:000635675800005,"Adaptive versus non-adaptive responses to drought in a non-native riparian tree/shrub, <i>Tamarix</i> spp",Article,Article,Agricultural And Forest Meteorology,2021,May 15,301,NA,NA,NA,NA,12,108342,,https://www.webofscience.com/api/gateway?GWVersion=2&SrcApp=test-123121&SrcAuth=WosAPI&KeyUT=WOS:000635675800005&DestLinkType=FullRecord&DestApp=WOS_CPL,https://www.webofscience.com/api/gateway?GWVersion=2&SrcApp=test-123121&SrcAuth=WosAPI&KeyUT=WOS:000635675800005&DestLinkType=CitingArticles&DestApp=WOS_CPL,https://www.webofscience.com/api/gateway?GWVersion=2&SrcApp=test-123121&SrcAuth=WosAPI&KeyUT=WOS:000635675800005&DestLinkType=CitedReferences&DestApp=WOS,https://www.webofscience.com/api/gateway?GWVersion=2&SrcApp=test-123121&SrcAuth=WosAPI&KeyUT=WOS:000635675800005&DestLinkType=RelatedRecords&DestApp=WOS_CPL,WOS,7,10.1016/j.agrformet.2021.108342,0168-1923,1873-2240,NA,,"Bush, SE; Guo, JS; Dehn, D; Grady, KC; Hull, JB; Johnson, E; Koepke, DF; Long, RW; Potts, DL; Hultine, KR"
WOS:000637330800004,Temporal controls on crown nonstructural carbohydrates in southwestern US tree species,Article,Article,Tree Physiology,2021,Mar,41,3,388-402,388,402,15,NA,,https://www.webofscience.com/api/gateway?GWVersion=2&SrcApp=test-123121&SrcAuth=WosAPI&KeyUT=WOS:000637330800004&DestLinkType=FullRecord&DestApp=WOS_CPL,https://www.webofscience.com/api/gateway?GWVersion=2&SrcApp=test-123121&SrcAuth=WosAPI&KeyUT=WOS:000637330800004&DestLinkType=CitingArticles&DestApp=WOS_CPL,https://www.webofscience.com/api/gateway?GWVersion=2&SrcApp=test-123121&SrcAuth=WosAPI&KeyUT=WOS:000637330800004&DestLinkType=CitedReferences&DestApp=WOS,https://www.webofscience.com/api/gateway?GWVersion=2&SrcApp=test-123121&SrcAuth=WosAPI&KeyUT=WOS:000637330800004&DestLinkType=RelatedRecords&DestApp=WOS_CPL,WOS,16,10.1093/treephys/tpaa149,0829-318X,1758-4469,33147630,,"Peltier, DMP; Guo, J; Nguyen, P; Bangs, M; Gear, L; Wilson, M; Jefferys, S; Samuels-Crow, K; Yocom, LL; Liu, Y; Fell, MK; Auty, D; Schwalm, C; Anderegg, WRL; Koch, GW; Litvak, ME; Ogle, K"
WOS:000710008900001,"Opportunities, challenges and pitfalls in characterizing plant water-use strategies",Review,Review,Functional Ecology,2022,Jan,36,1,24-37,24,37,14,NA,,https://www.webofscience.com/api/gateway?GWVersion=2&SrcApp=test-123121&SrcAuth=WosAPI&KeyUT=WOS:000710008900001&DestLinkType=FullRecord&DestApp=WOS_CPL,https://www.webofscience.com/api/gateway?GWVersion=2&SrcApp=test-123121&SrcAuth=WosAPI&KeyUT=WOS:000710008900001&DestLinkType=CitingArticles&DestApp=WOS_CPL,https://www.webofscience.com/api/gateway?GWVersion=2&SrcApp=test-123121&SrcAuth=WosAPI&KeyUT=WOS:000710008900001&DestLinkType=CitedReferences&DestApp=WOS,https://www.webofscience.com/api/gateway?GWVersion=2&SrcApp=test-123121&SrcAuth=WosAPI&KeyUT=WOS:000710008900001&DestLinkType=RelatedRecords&DestApp=WOS_CPL,WOS,87,10.1111/1365-2435.13945,0269-8463,1365-2435,NA,,"Kannenberg, SA; Guo, JS; Novick, KA; Anderegg, WRL; Feng, X; Kennedy, D; Konings, AG; Martínez-Vilalta, J; Matheny, AM"
WOS:000735437600029,Harnessing the NEON data revolution to advance open environmental science with a diverse and data-capable community,Article,Article,Ecosphere,2021,Dec,12,12,NA,NA,NA,22,e03833,,https://www.webofscience.com/api/gateway?GWVersion=2&SrcApp=test-123121&SrcAuth=WosAPI&KeyUT=WOS:000735437600029&DestLinkType=FullRecord&DestApp=WOS_CPL,https://www.webofscience.com/api/gateway?GWVersion=2&SrcApp=test-123121&SrcAuth=WosAPI&KeyUT=WOS:000735437600029&DestLinkType=CitingArticles&DestApp=WOS_CPL,https://www.webofscience.com/api/gateway?GWVersion=2&SrcApp=test-123121&SrcAuth=WosAPI&KeyUT=WOS:000735437600029&DestLinkType=CitedReferences&DestApp=WOS,https://www.webofscience.com/api/gateway?GWVersion=2&SrcApp=test-123121&SrcAuth=WosAPI&KeyUT=WOS:000735437600029&DestLinkType=RelatedRecords&DestApp=WOS_CPL,WOS,32,10.1002/ecs2.3833,2150-8925,NA,NA,,"Nagy, RC; Balch, JK; Bissell, EK; Cattau, ME; Glenn, NF; Halpern, BS; Ilangakoon, N; Johnson, B; Joseph, MB; Marconi, S; O'Riordan, C; Sanovia, J; Swetnam, TL; Travis, WR; Wasser, LA; Woolner, E; Zarnetske, P; Abdulrahim, M; Adler, J; Barnes, G; Bartowitz, KJ; Blake, RE; Bombaci, SP; Brun, J; Buchanan, JD; Chadwick, KD; Chapman, MS; Chong, SS; Chung, YA; Corman, JR; Couret, J; Crispo, E; Doak, TG; Donnelly, A; Duffy, KA; Dunning, KH; Duran, SM; Edmonds, JW; Fairbanks, DE; Felton, AJ; Florian, CR; Gann, D; Gebhardt, M; Gill, NS; Gram, WK; Guo, JS; Harvey, BJ; Hayes, KR; Helmus, MR; Hensley, RT; Hondula, KL; Huang, T; Hundertmark, WJ; Iglesias, V; Jacinthe, PA; Jansen, LS; Jarzyna, MA; Johnson, TM; Jones, KD; Jones, MA; Just, MG; Kaddoura, YO; Kagawa-Vivani, AK; Kaushik, A; Keller, AB; King, KBS; Kitzes, J; Koontz, MJ; Kouba, P; Kwan, WY; LaMontagne, JM; LaRue, EA; Li, DJ; Li, BN; Lin, Y; Liptzin, D; Long, WA; Mahood, AL; Malloy, SS; Malone, SL; McGlinchy, JM; Meier, CL; Melbourne, BA; Mietkiewicz, N; Morisette, JT; Moustapha, M; Muscarella, C; Musinsky, J; Muthukrishnan, R; Naithani, K; Neely, M; Norman, K; Parker, SM; Rocha, MP; Petri, L; Ramey, CA; Record, S; Rossi, MW; SanClements, M; Scholl, VM; Schweiger, AK; Seyednasrollah, B; Sihi, D; Smith, KR; Sokol, ER; Spaulding, SA; Spiers, A; St Denis, LA; Staccone, AP; Whitney, KS; Stanitski, DM; Stricker, E; Surasinghe, TD; Thomsen, SK; Vasek, PM; Li, XL; Yang, D; Yu, R; Yule, KM; Zhu, K"
WOS:000987436500001,A 3-D groundwater isoscape of the contiguous USA for forensic and water resource science,Article,Article,Plos One,2022,Jan 7,17,1,NA,NA,NA,22,e0261651,,https://www.webofscience.com/api/gateway?GWVersion=2&SrcApp=test-123121&SrcAuth=WosAPI&KeyUT=WOS:000987436500001&DestLinkType=FullRecord&DestApp=WOS_CPL,https://www.webofscience.com/api/gateway?GWVersion=2&SrcApp=test-123121&SrcAuth=WosAPI&KeyUT=WOS:000987436500001&DestLinkType=CitingArticles&DestApp=WOS_CPL,https://www.webofscience.com/api/gateway?GWVersion=2&SrcApp=test-123121&SrcAuth=WosAPI&KeyUT=WOS:000987436500001&DestLinkType=CitedReferences&DestApp=WOS,https://www.webofscience.com/api/gateway?GWVersion=2&SrcApp=test-123121&SrcAuth=WosAPI&KeyUT=WOS:000987436500001&DestLinkType=RelatedRecords&DestApp=WOS_CPL,WOS,18,10.1371/journal.pone.0261651,NA,1932-6203,34995313,,"Bowen, GJ; Guo, JS; Allen, ST"
WOS:000745663100007,Temperature memory and non-structural carbohydrates mediate legacies of a hot drought in trees across the southwestern USA,Article,Article,Tree Physiology,2022,Jan,42,1,71-85,71,85,15,NA,,https://www.webofscience.com/api/gateway?GWVersion=2&SrcApp=test-123121&SrcAuth=WosAPI&KeyUT=WOS:000745663100007&DestLinkType=FullRecord&DestApp=WOS_CPL,https://www.webofscience.com/api/gateway?GWVersion=2&SrcApp=test-123121&SrcAuth=WosAPI&KeyUT=WOS:000745663100007&DestLinkType=CitingArticles&DestApp=WOS_CPL,https://www.webofscience.com/api/gateway?GWVersion=2&SrcApp=test-123121&SrcAuth=WosAPI&KeyUT=WOS:000745663100007&DestLinkType=CitedReferences&DestApp=WOS,https://www.webofscience.com/api/gateway?GWVersion=2&SrcApp=test-123121&SrcAuth=WosAPI&KeyUT=WOS:000745663100007&DestLinkType=RelatedRecords&DestApp=WOS_CPL,WOS,36,10.1093/treephys/tpab091,0829-318X,1758-4469,34302167,,"Peltier, DMP; Guo, J; Nguyen, P; Bangs, M; Wilson, M; Samuels-Crow, K; Yocom, LL; Liu, Y; Fell, MK; Shaw, JD; Auty, D; Schwalm, C; Anderegg, WRL; Koch, GW; Litvak, ME; Ogle, K"
WOS:000802840700001,Temporal variation in stomatal sensitivity to vapour pressure deficit in western riparian forests,Article,Article,Functional Ecology,2022,Jul,36,7,1599-1611,1599,1611,13,NA,,https://www.webofscience.com/api/gateway?GWVersion=2&SrcApp=test-123121&SrcAuth=WosAPI&KeyUT=WOS:000802840700001&DestLinkType=FullRecord&DestApp=WOS_CPL,https://www.webofscience.com/api/gateway?GWVersion=2&SrcApp=test-123121&SrcAuth=WosAPI&KeyUT=WOS:000802840700001&DestLinkType=CitingArticles&DestApp=WOS_CPL,https://www.webofscience.com/api/gateway?GWVersion=2&SrcApp=test-123121&SrcAuth=WosAPI&KeyUT=WOS:000802840700001&DestLinkType=CitedReferences&DestApp=WOS,https://www.webofscience.com/api/gateway?GWVersion=2&SrcApp=test-123121&SrcAuth=WosAPI&KeyUT=WOS:000802840700001&DestLinkType=RelatedRecords&DestApp=WOS_CPL,WOS,14,10.1111/1365-2435.14066,0269-8463,1365-2435,NA,,"Guo, JS; Bush, SE; Hultine, KR"
WOS:000869555100001,Contemporary tree growth shows altered climate memory,Article,Article,Ecology Letters,2022,Dec,25,12,2663-2674,2663,2674,12,NA,,https://www.webofscience.com/api/gateway?GWVersion=2&SrcApp=test-123121&SrcAuth=WosAPI&KeyUT=WOS:000869555100001&DestLinkType=FullRecord&DestApp=WOS_CPL,https://www.webofscience.com/api/gateway?GWVersion=2&SrcApp=test-123121&SrcAuth=WosAPI&KeyUT=WOS:000869555100001&DestLinkType=CitingArticles&DestApp=WOS_CPL,https://www.webofscience.com/api/gateway?GWVersion=2&SrcApp=test-123121&SrcAuth=WosAPI&KeyUT=WOS:000869555100001&DestLinkType=CitedReferences&DestApp=WOS,https://www.webofscience.com/api/gateway?GWVersion=2&SrcApp=test-123121&SrcAuth=WosAPI&KeyUT=WOS:000869555100001&DestLinkType=RelatedRecords&DestApp=WOS_CPL,WOS,27,10.1111/ele.14130,1461-023X,1461-0248,36257775,,"Peltier, DMP; Anderegg, WRL; Guo, JS; Ogle, K"
WOS:000899800900001,Quantifying the drivers of ecosystem fluxes and water potential across the soil-plant-atmosphere continuum in an arid woodland,Article,Article,Agricultural And Forest Meteorology,2023,Feb 15,329,NA,NA,NA,NA,10,109269,,https://www.webofscience.com/api/gateway?GWVersion=2&SrcApp=test-123121&SrcAuth=WosAPI&KeyUT=WOS:000899800900001&DestLinkType=FullRecord&DestApp=WOS_CPL,https://www.webofscience.com/api/gateway?GWVersion=2&SrcApp=test-123121&SrcAuth=WosAPI&KeyUT=WOS:000899800900001&DestLinkType=CitingArticles&DestApp=WOS_CPL,https://www.webofscience.com/api/gateway?GWVersion=2&SrcApp=test-123121&SrcAuth=WosAPI&KeyUT=WOS:000899800900001&DestLinkType=CitedReferences&DestApp=WOS,https://www.webofscience.com/api/gateway?GWVersion=2&SrcApp=test-123121&SrcAuth=WosAPI&KeyUT=WOS:000899800900001&DestLinkType=RelatedRecords&DestApp=WOS_CPL,WOS,38,10.1016/j.agrformet.2022.109269,0168-1923,1873-2240,NA,,"Kannenberg, SA; Barnes, ML; Bowling, DR; Driscoll, AW; Guo, JS; Anderegg, WRL"
WOS:000967652600001,The importance of monsoon precipitation for foundation tree species across the semiarid Southwestern US,Article,Article,Frontiers In Forests And Global Change,2023,Mar 30,6,NA,NA,NA,NA,15,1116786,,https://www.webofscience.com/api/gateway?GWVersion=2&SrcApp=test-123121&SrcAuth=WosAPI&KeyUT=WOS:000967652600001&DestLinkType=FullRecord&DestApp=WOS_CPL,https://www.webofscience.com/api/gateway?GWVersion=2&SrcApp=test-123121&SrcAuth=WosAPI&KeyUT=WOS:000967652600001&DestLinkType=CitingArticles&DestApp=WOS_CPL,https://www.webofscience.com/api/gateway?GWVersion=2&SrcApp=test-123121&SrcAuth=WosAPI&KeyUT=WOS:000967652600001&DestLinkType=CitedReferences&DestApp=WOS,https://www.webofscience.com/api/gateway?GWVersion=2&SrcApp=test-123121&SrcAuth=WosAPI&KeyUT=WOS:000967652600001&DestLinkType=RelatedRecords&DestApp=WOS_CPL,WOS,5,10.3389/ffgc.2023.1116786,NA,2624-893X,NA,,"Samuels-Crow, KE; Peltier, DMP; Liu, Y; Guo, JS; Welker, JM; Anderegg, WRL; Koch, GW; Schwalm, C; Litvak, M; Shaw, JD; Ogle, K"
WOS:000973050800001,Pre-fire grazing and herbicide treatments can affect post-fire vegetation in a Great Basin rangeland,Article,Article,Ecological Solutions And Evidence,2023,Jan,4,1,NA,NA,NA,12,NA,,https://www.webofscience.com/api/gateway?GWVersion=2&SrcApp=test-123121&SrcAuth=WosAPI&KeyUT=WOS:000973050800001&DestLinkType=FullRecord&DestApp=WOS_CPL,https://www.webofscience.com/api/gateway?GWVersion=2&SrcApp=test-123121&SrcAuth=WosAPI&KeyUT=WOS:000973050800001&DestLinkType=CitingArticles&DestApp=WOS_CPL,https://www.webofscience.com/api/gateway?GWVersion=2&SrcApp=test-123121&SrcAuth=WosAPI&KeyUT=WOS:000973050800001&DestLinkType=CitedReferences&DestApp=WOS,https://www.webofscience.com/api/gateway?GWVersion=2&SrcApp=test-123121&SrcAuth=WosAPI&KeyUT=WOS:000973050800001&DestLinkType=RelatedRecords&DestApp=WOS_CPL,WOS,6,10.1002/2688-8319.12215,NA,2688-8319,NA,,"Gornish, ES; Guo, JS; Porensky, LM; Perryman, BL; Leger, EA"
WOS:001086149400001,Use of Biological Feedback as a Health Behavior Change Technique in Adults: Scoping Review,Review,Review,Journal Of Medical Internet Research,2023,Sep 25,25,NA,NA,NA,NA,11,e44359,,https://www.webofscience.com/api/gateway?GWVersion=2&SrcApp=test-123121&SrcAuth=WosAPI&KeyUT=WOS:001086149400001&DestLinkType=FullRecord&DestApp=WOS_CPL,https://www.webofscience.com/api/gateway?GWVersion=2&SrcApp=test-123121&SrcAuth=WosAPI&KeyUT=WOS:001086149400001&DestLinkType=CitingArticles&DestApp=WOS_CPL,https://www.webofscience.com/api/gateway?GWVersion=2&SrcApp=test-123121&SrcAuth=WosAPI&KeyUT=WOS:001086149400001&DestLinkType=CitedReferences&DestApp=WOS,https://www.webofscience.com/api/gateway?GWVersion=2&SrcApp=test-123121&SrcAuth=WosAPI&KeyUT=WOS:001086149400001&DestLinkType=RelatedRecords&DestApp=WOS_CPL,WOS,15,10.2196/44359,1438-8871,NA,37747766,,"Richardson, KM; Jospe, MR; Saleh, AA; Clarke, TN; Bedoya, AR; Behrens, N; Marano, K; Cigan, L; Liao, Y; Scott, ER; Guo, JS; Aguinaga, A; Schembre, SM"
WOS:001134375200001,Predicting spring phenology in deciduous broadleaf forests: NEON phenology forecasting community challenge,Article,Article,Agricultural And Forest Meteorology,2024,Feb 15,345,NA,NA,NA,NA,12,109810,,https://www.webofscience.com/api/gateway?GWVersion=2&SrcApp=test-123121&SrcAuth=WosAPI&KeyUT=WOS:001134375200001&DestLinkType=FullRecord&DestApp=WOS_CPL,https://www.webofscience.com/api/gateway?GWVersion=2&SrcApp=test-123121&SrcAuth=WosAPI&KeyUT=WOS:001134375200001&DestLinkType=CitingArticles&DestApp=WOS_CPL,https://www.webofscience.com/api/gateway?GWVersion=2&SrcApp=test-123121&SrcAuth=WosAPI&KeyUT=WOS:001134375200001&DestLinkType=CitedReferences&DestApp=WOS,https://www.webofscience.com/api/gateway?GWVersion=2&SrcApp=test-123121&SrcAuth=WosAPI&KeyUT=WOS:001134375200001&DestLinkType=RelatedRecords&DestApp=WOS_CPL,WOS,15,10.1016/j.agrformet.2023.109810,0168-1923,1873-2240,NA,,"Wheeler, KI; Dietze, MC; Lebauer, D; Peters, JA; Richardson, AD; Ross, AA; Thomas, RQ; Zhu, K; Bhat, U; Munch, S; Buzbee, RF; Chen, M; Goldstein, B; Guo, JSC; Hao, DL; Jones, C; Kelly-Fair, M; Liu, HR; Malmborg, C; Neupane, N; Pal, D; Shirey, V; Song, YL; Steen, M; Vance, EA; Woelmer, WM; Wynne, JH; Zachmann, L"
WOS:001187048700001,An interactive visualization and data portal tool (PALTIDE) for relative sea level and palaeotidal simulations of the northwest European shelf seas since the Last Glacial Maximum,Article,Article,Journal Of Quaternary Science,2024,Jul,39,5,831-838,831,838,8,NA,,https://www.webofscience.com/api/gateway?GWVersion=2&SrcApp=test-123121&SrcAuth=WosAPI&KeyUT=WOS:001187048700001&DestLinkType=FullRecord&DestApp=WOS_CPL,https://www.webofscience.com/api/gateway?GWVersion=2&SrcApp=test-123121&SrcAuth=WosAPI&KeyUT=WOS:001187048700001&DestLinkType=CitingArticles&DestApp=WOS_CPL,https://www.webofscience.com/api/gateway?GWVersion=2&SrcApp=test-123121&SrcAuth=WosAPI&KeyUT=WOS:001187048700001&DestLinkType=CitedReferences&DestApp=WOS,https://www.webofscience.com/api/gateway?GWVersion=2&SrcApp=test-123121&SrcAuth=WosAPI&KeyUT=WOS:001187048700001&DestLinkType=RelatedRecords&DestApp=WOS_CPL,WOS,5,10.1002/jqs.3615,0267-8179,1099-1417,NA,,"Scourse, J; Ward, S; Wainwright, A; Bradley, S; Wilson, JK; Guo, JSC"
WOS:001216997900001,Dynamic regulation of water potential in <i>Juniperus osteosperma</i> mediates ecosystem carbon fluxes,Article,Article,New Phytologist,2024,Jul,243,1,98-110,98,110,13,NA,,https://www.webofscience.com/api/gateway?GWVersion=2&SrcApp=test-123121&SrcAuth=WosAPI&KeyUT=WOS:001216997900001&DestLinkType=FullRecord&DestApp=WOS_CPL,https://www.webofscience.com/api/gateway?GWVersion=2&SrcApp=test-123121&SrcAuth=WosAPI&KeyUT=WOS:001216997900001&DestLinkType=CitingArticles&DestApp=WOS_CPL,https://www.webofscience.com/api/gateway?GWVersion=2&SrcApp=test-123121&SrcAuth=WosAPI&KeyUT=WOS:001216997900001&DestLinkType=CitedReferences&DestApp=WOS,https://www.webofscience.com/api/gateway?GWVersion=2&SrcApp=test-123121&SrcAuth=WosAPI&KeyUT=WOS:001216997900001&DestLinkType=RelatedRecords&DestApp=WOS_CPL,WOS,5,10.1111/nph.19805,0028-646X,1469-8137,38725410,,"Guo, JS; Barnes, ML; Smith, WK; Anderegg, WRL; Kannenberg, SA"
WOS:001316864700001,Adaptation and Response in Drylands (ARID): Community Insights for Scoping a NASA Terrestrial Ecology Field Campaign in Drylands,Article,Article,Earths Future,2024,Sep 20,12,9,NA,NA,NA,13,e2024EF004811,,https://www.webofscience.com/api/gateway?GWVersion=2&SrcApp=test-123121&SrcAuth=WosAPI&KeyUT=WOS:001316864700001&DestLinkType=FullRecord&DestApp=WOS_CPL,https://www.webofscience.com/api/gateway?GWVersion=2&SrcApp=test-123121&SrcAuth=WosAPI&KeyUT=WOS:001316864700001&DestLinkType=CitingArticles&DestApp=WOS_CPL,https://www.webofscience.com/api/gateway?GWVersion=2&SrcApp=test-123121&SrcAuth=WosAPI&KeyUT=WOS:001316864700001&DestLinkType=CitedReferences&DestApp=WOS,https://www.webofscience.com/api/gateway?GWVersion=2&SrcApp=test-123121&SrcAuth=WosAPI&KeyUT=WOS:001316864700001&DestLinkType=RelatedRecords&DestApp=WOS_CPL,WOS,10,10.1029/2024EF004811,NA,2328-4277,NA,,"Feldman, AF; Reed, S; Amaral, C; Babst-Kostecka, A; Babst, F; Biederman, J; Devine, C; Fu, Z; Green, JK; Guo, J; Hanan, NP; Kokaly, R; Litvak, M; MacBean, N; Moore, D; Ojima, D; Poulter, B; Scott, RL; Smith, WK; Swap, R; Tucker, CJ; Wang, LX; Watts, J; Wessels, K; Zhang, FY; Zhang, W"
WOS:001326674400002,PSInet: a new global water potential network,Article,Article,Tree Physiology,2024,Oct 3,44,10,NA,NA,NA,10,tpae110,,https://www.webofscience.com/api/gateway?GWVersion=2&SrcApp=test-123121&SrcAuth=WosAPI&KeyUT=WOS:001326674400002&DestLinkType=FullRecord&DestApp=WOS_CPL,https://www.webofscience.com/api/gateway?GWVersion=2&SrcApp=test-123121&SrcAuth=WosAPI&KeyUT=WOS:001326674400002&DestLinkType=CitingArticles&DestApp=WOS_CPL,https://www.webofscience.com/api/gateway?GWVersion=2&SrcApp=test-123121&SrcAuth=WosAPI&KeyUT=WOS:001326674400002&DestLinkType=CitedReferences&DestApp=WOS,https://www.webofscience.com/api/gateway?GWVersion=2&SrcApp=test-123121&SrcAuth=WosAPI&KeyUT=WOS:001326674400002&DestLinkType=RelatedRecords&DestApp=WOS_CPL,WOS,13,10.1093/treephys/tpae110,0829-318X,1758-4469,39190893,,"Restrepo-Acevedo, AM; Guo, JS; Kannenberg, SA; Benson, MC; Beverly, D; Diaz, R; Anderegg, WRL; Johnson, DM; Koch, G; Konings, AG; Lowman, LEL; Martinez-Vilalta, J; Poyatos, R; Schenk, HJ; Matheny, AM; McCulloh, KA; Nippert, JB; Oliveira, RS; Novick, K"
WOS:001352088800001,Intensive leaf cooling promotes tree survival during a record heatwave,Article,Article,Proceedings Of The National Academy Of Sciences Of The United States Of America,2024,Oct 22,121,43,NA,NA,NA,9,e2408583121,,https://www.webofscience.com/api/gateway?GWVersion=2&SrcApp=test-123121&SrcAuth=WosAPI&KeyUT=WOS:001352088800001&DestLinkType=FullRecord&DestApp=WOS_CPL,https://www.webofscience.com/api/gateway?GWVersion=2&SrcApp=test-123121&SrcAuth=WosAPI&KeyUT=WOS:001352088800001&DestLinkType=CitingArticles&DestApp=WOS_CPL,https://www.webofscience.com/api/gateway?GWVersion=2&SrcApp=test-123121&SrcAuth=WosAPI&KeyUT=WOS:001352088800001&DestLinkType=CitedReferences&DestApp=WOS,https://www.webofscience.com/api/gateway?GWVersion=2&SrcApp=test-123121&SrcAuth=WosAPI&KeyUT=WOS:001352088800001&DestLinkType=RelatedRecords&DestApp=WOS_CPL,WOS,28,10.1073/pnas.2408583121,0027-8424,1091-6490,39401366,,"Posch, BC; Bush, SE; Koepke, DF; Schuessler, A; Anderegg, LLD; Aparecido, LMT; Blonder, BW; Guo, JS; Kerr, KL; Moran, ME; Cooper, HF; Doughty, CE; Gehring, CA; Whitham, TG; Allan, GJ; Hultine, KR"
WOS:001368075400001,Enhanced Satellite Monitoring of Dryland Vegetation Water Potential Through Multi-Source Sensor Fusion,Article,Article,Geophysical Research Letters,2024,Nov 4,51,21,NA,NA,NA,12,e2024GL110385,,https://www.webofscience.com/api/gateway?GWVersion=2&SrcApp=test-123121&SrcAuth=WosAPI&KeyUT=WOS:001368075400001&DestLinkType=FullRecord&DestApp=WOS_CPL,https://www.webofscience.com/api/gateway?GWVersion=2&SrcApp=test-123121&SrcAuth=WosAPI&KeyUT=WOS:001368075400001&DestLinkType=CitingArticles&DestApp=WOS_CPL,https://www.webofscience.com/api/gateway?GWVersion=2&SrcApp=test-123121&SrcAuth=WosAPI&KeyUT=WOS:001368075400001&DestLinkType=CitedReferences&DestApp=WOS,https://www.webofscience.com/api/gateway?GWVersion=2&SrcApp=test-123121&SrcAuth=WosAPI&KeyUT=WOS:001368075400001&DestLinkType=RelatedRecords&DestApp=WOS_CPL,WOS,6,10.1029/2024GL110385,0094-8276,1944-8007,NA,,"Du, J; Kimball, JS; Guo, JS; Kannenberg, SA; Smith, WK; Feldman, A; Endsley, A"
WOS:001384208100001,Post-GWAS Prioritization of Genome-Phenome Association in Sorghum,Article,Article,Agronomy-Basel,2024,Dec,14,12,NA,NA,NA,28,2894,,https://www.webofscience.com/api/gateway?GWVersion=2&SrcApp=test-123121&SrcAuth=WosAPI&KeyUT=WOS:001384208100001&DestLinkType=FullRecord&DestApp=WOS_CPL,NA,https://www.webofscience.com/api/gateway?GWVersion=2&SrcApp=test-123121&SrcAuth=WosAPI&KeyUT=WOS:001384208100001&DestLinkType=CitedReferences&DestApp=WOS,https://www.webofscience.com/api/gateway?GWVersion=2&SrcApp=test-123121&SrcAuth=WosAPI&KeyUT=WOS:001384208100001&DestLinkType=RelatedRecords&DestApp=WOS_CPL,WOS,0,10.3390/agronomy14122894,NA,2073-4395,NA,,"Pal, D; Schaper, K; Thompson, A; Guo, J; Jaiswal, P; Lisle, C; Cooper, L; Lebauer, D; Thessen, AE; Ross, A"
WOS:001522707400001,Precipitation Pulse Dynamics Are Not Ubiquitous: A Global Meta-Analysis of Plant and Ecosystem Carbon- and Water-Related Pulse Responses,Article,Article,Global Change Biology,2025,Jul 5,31,7,NA,NA,NA,15,e70327,,https://www.webofscience.com/api/gateway?GWVersion=2&SrcApp=test-123121&SrcAuth=WosAPI&KeyUT=WOS:001522707400001&DestLinkType=FullRecord&DestApp=WOS_CPL,https://www.webofscience.com/api/gateway?GWVersion=2&SrcApp=test-123121&SrcAuth=WosAPI&KeyUT=WOS:001522707400001&DestLinkType=CitingArticles&DestApp=WOS_CPL,https://www.webofscience.com/api/gateway?GWVersion=2&SrcApp=test-123121&SrcAuth=WosAPI&KeyUT=WOS:001522707400001&DestLinkType=CitedReferences&DestApp=WOS,https://www.webofscience.com/api/gateway?GWVersion=2&SrcApp=test-123121&SrcAuth=WosAPI&KeyUT=WOS:001522707400001&DestLinkType=RelatedRecords&DestApp=WOS_CPL,WOS,3,10.1111/gcb.70327,1354-1013,1365-2486,40616306,,"Reich, E; Guo, J; Peltier, D; Palmquist, E; Samuels-Crow, K; Boone, R; Ogle, K"
WOS:001540194200001,Temporal repackaging of rainfall magnifies negative impacts of vapor pressure deficit on semiarid ecosystem productivity,Article,Article,New Phytologist,2025,Oct,248,2,615-627,615,627,13,NA,,https://www.webofscience.com/api/gateway?GWVersion=2&SrcApp=test-123121&SrcAuth=WosAPI&KeyUT=WOS:001540194200001&DestLinkType=FullRecord&DestApp=WOS_CPL,https://www.webofscience.com/api/gateway?GWVersion=2&SrcApp=test-123121&SrcAuth=WosAPI&KeyUT=WOS:001540194200001&DestLinkType=CitingArticles&DestApp=WOS_CPL,https://www.webofscience.com/api/gateway?GWVersion=2&SrcApp=test-123121&SrcAuth=WosAPI&KeyUT=WOS:001540194200001&DestLinkType=CitedReferences&DestApp=WOS,https://www.webofscience.com/api/gateway?GWVersion=2&SrcApp=test-123121&SrcAuth=WosAPI&KeyUT=WOS:001540194200001&DestLinkType=RelatedRecords&DestApp=WOS_CPL,WOS,1,10.1111/nph.70431,0028-646X,1469-8137,40739729,,"Zhang, FY; Biederman, JA; Pierce, NA; Guo, JS; Potts, DL; Scott, RL; Fu, YH; Smith, WK"
WOS:001586109200001,Volatile Organic Compound (VOC) Exchange in Tropical Leaf Litter in Response to Wetting: An Automated Scheme to Classify Flux Pulse Dynamics,Article,Article,Journal Of Geophysical Research-Biogeosciences,2025,Oct,130,10,NA,NA,NA,15,e2025JG008774,,https://www.webofscience.com/api/gateway?GWVersion=2&SrcApp=test-123121&SrcAuth=WosAPI&KeyUT=WOS:001586109200001&DestLinkType=FullRecord&DestApp=WOS_CPL,NA,https://www.webofscience.com/api/gateway?GWVersion=2&SrcApp=test-123121&SrcAuth=WosAPI&KeyUT=WOS:001586109200001&DestLinkType=CitedReferences&DestApp=WOS,https://www.webofscience.com/api/gateway?GWVersion=2&SrcApp=test-123121&SrcAuth=WosAPI&KeyUT=WOS:001586109200001&DestLinkType=RelatedRecords&DestApp=WOS_CPL,WOS,0,10.1029/2025JG008774,2169-8953,2169-8961,NA,,"Crocker, L; Guo, J; U'Ren, JM; Pugliese, G; Ladd, SN; Werner, C; Meredith, LK"
WOS:001603859500001,CAT-GxD: Centralized access to gene expression datasets,Article,Article,Anaerobe,2025,Dec,96,NA,NA,NA,NA,8,103005,,https://www.webofscience.com/api/gateway?GWVersion=2&SrcApp=test-123121&SrcAuth=WosAPI&KeyUT=WOS:001603859500001&DestLinkType=FullRecord&DestApp=WOS_CPL,https://www.webofscience.com/api/gateway?GWVersion=2&SrcApp=test-123121&SrcAuth=WosAPI&KeyUT=WOS:001603859500001&DestLinkType=CitingArticles&DestApp=WOS_CPL,https://www.webofscience.com/api/gateway?GWVersion=2&SrcApp=test-123121&SrcAuth=WosAPI&KeyUT=WOS:001603859500001&DestLinkType=CitedReferences&DestApp=WOS,https://www.webofscience.com/api/gateway?GWVersion=2&SrcApp=test-123121&SrcAuth=WosAPI&KeyUT=WOS:001603859500001&DestLinkType=RelatedRecords&DestApp=WOS_CPL,WOS,1,10.1016/j.anaerobe.2025.103005,1075-9964,1095-8274,41092974,,"Roxas, BAP; Roxas, JL; Guo, JS; LeBauer, DS; McCarthy, F; Vedantam, G; Viswanathan, VK"
WOS:001605761400001,High-temperature acclimation of photosystem II in land plants,Review,Review,New Phytologist,2026,Feb,249,3,1108-1123,1108,1123,16,NA,,https://www.webofscience.com/api/gateway?GWVersion=2&SrcApp=test-123121&SrcAuth=WosAPI&KeyUT=WOS:001605761400001&DestLinkType=FullRecord&DestApp=WOS_CPL,https://www.webofscience.com/api/gateway?GWVersion=2&SrcApp=test-123121&SrcAuth=WosAPI&KeyUT=WOS:001605761400001&DestLinkType=CitingArticles&DestApp=WOS_CPL,https://www.webofscience.com/api/gateway?GWVersion=2&SrcApp=test-123121&SrcAuth=WosAPI&KeyUT=WOS:001605761400001&DestLinkType=CitedReferences&DestApp=WOS,https://www.webofscience.com/api/gateway?GWVersion=2&SrcApp=test-123121&SrcAuth=WosAPI&KeyUT=WOS:001605761400001&DestLinkType=RelatedRecords&DestApp=WOS_CPL,WOS,10,10.1111/nph.70661,0028-646X,1469-8137,41178112,,"Posch, BC; Amoanimaa-Dede, H; Aparecido, LMT; Atkin, OK; Bison, NN; Blonder, BW; Coast, O; Doughty, CE; Guo, JS; Van Haren, J; Michaletz, ST; Moran, ME; Scafaro, AP; Slot, M; Wiebe, BC; Winter, K; Zhu, LL; Zorger, BB; Hultine, KR"
WOS:001757084300001,Continuous monitoring of plant water potential: sensor-based approaches and best practices,Article,Article,New Phytologist,2026,Jul,251,1,569-588,569,588,20,NA,,https://www.webofscience.com/api/gateway?GWVersion=2&SrcApp=test-123121&SrcAuth=WosAPI&KeyUT=WOS:001757084300001&DestLinkType=FullRecord&DestApp=WOS_CPL,https://www.webofscience.com/api/gateway?GWVersion=2&SrcApp=test-123121&SrcAuth=WosAPI&KeyUT=WOS:001757084300001&DestLinkType=CitingArticles&DestApp=WOS_CPL,https://www.webofscience.com/api/gateway?GWVersion=2&SrcApp=test-123121&SrcAuth=WosAPI&KeyUT=WOS:001757084300001&DestLinkType=CitedReferences&DestApp=WOS,https://www.webofscience.com/api/gateway?GWVersion=2&SrcApp=test-123121&SrcAuth=WosAPI&KeyUT=WOS:001757084300001&DestLinkType=RelatedRecords&DestApp=WOS_CPL,WOS,1,10.1111/nph.71194,0028-646X,1469-8137,42087530,,"Restrepo-Acevedo, AM; Guo, J; Novick, K; Humphrey, V; Zweifel, R; Konings, AG; Koch, G; Knowles, J; Anderegg, LDL; Peters, JMR; Paligi, S; Schenk, HJ; Beverly, D; Magh, R; Yao, YT; Hackmann, CA; Bohrer, G; Browne, M; Carminati, A; Kannenberg, SA"
WOS:001791239700001,Winter insect defoliation modifies tree hydraulic responses to environmental stress in Mediterranean forests,Article,Article,Forest Ecology And Management,2026,Oct 15,618,NA,NA,NA,NA,12,123963,,https://www.webofscience.com/api/gateway?GWVersion=2&SrcApp=test-123121&SrcAuth=WosAPI&KeyUT=WOS:001791239700001&DestLinkType=FullRecord&DestApp=WOS_CPL,NA,https://www.webofscience.com/api/gateway?GWVersion=2&SrcApp=test-123121&SrcAuth=WosAPI&KeyUT=WOS:001791239700001&DestLinkType=CitedReferences&DestApp=WOS,https://www.webofscience.com/api/gateway?GWVersion=2&SrcApp=test-123121&SrcAuth=WosAPI&KeyUT=WOS:001791239700001&DestLinkType=RelatedRecords&DestApp=WOS_CPL,WOS,0,10.1016/j.foreco.2026.123963,0378-1127,1872-7042,NA,,"Houdas, H; Olano, JM; Hultine, KR; Guo, JS; Hernández-Alonso, H; Bush, SE; García-Hidalgo, M; Coca-García, ME; Sangüesa-Barreda, G"
